CW;CHH
0;0
0.239;4.299
0.239;4.307
0.241;4.334
0.241;4.344
0.244;4.388
0.245;4.402
0.246;4.427
0.248;4.466
0.254;4.563
0.254;4.565
0.255;4.575
0.255;4.59
0.261;4.689
0.262;4.697
0.262;4.71
0.263;4.714
0.268;4.807
0.269;4.825
0.27;4.829
0.275;4.912
0.275;4.921
0.277;4.946
0.281;5.01
0.281;5.018
0.282;5.02
0.282;5.027
0.282;5.031
0.283;5.037
0.297;5.247
0.297;5.254
0.298;5.265
0.3;5.293
0.304;5.359
0.307;5.392
0.307;5.393
0.308;5.411
0.308;5.416
0.314;5.488
0.315;5.504
0.315;5.508
0.321;5.584
0.322;5.595
0.341;5.846
0.342;5.853
0.343;5.863
0.345;5.897
0.349;5.945
0.35;5.95
0.35;5.954
0.353;5.982
0.353;5.993
0.366;6.129
0.366;6.132
0.366;6.134
0.367;6.144
0.37;6.183
0.371;6.186
0.371;6.191
0.396;6.441
0.397;6.451
0.399;6.466
0.4;6.475
0.401;6.483
0.401;6.486
0.42;6.657
0.421;6.664
0.421;6.667
0.422;6.676
0.423;6.683
0.423;6.685
0.424;6.691
0.425;6.701
0.425;6.703
0.426;6.713
0.428;6.729
0.444;6.856
0.444;6.859
0.446;6.869
0.447;6.88
0.451;6.913
0.453;6.927
0.454;6.937
0.454;6.939
0.457;6.958
0.467;7.037
0.469;7.047
0.471;7.063
0.472;7.075
0.474;7.083
0.486;7.17
0.487;7.178
0.488;7.18
0.49;7.194
0.492;7.208
0.496;7.233
0.497;7.239
0.498;7.246
0.499;7.255
1.268;11.863
1.269;11.868
1.269;11.872
1.27;11.875
1.276;11.912
1.286;11.971
1.287;11.98
1.29;11.998
1.291;12.001
1.292;12.006
1.294;12.02
1.295;12.025
1.311;12.12
1.313;12.135
1.314;12.137
1.316;12.15
1.336;12.268
1.337;12.274
1.337;12.276
1.342;12.307
1.36;12.408
1.364;12.431
1.365;12.44
1.38;12.526
1.385;12.553
1.387;12.563
1.399;12.631
1.399;12.635
1.404;12.66
1.443;12.882
1.446;12.898
1.45;12.921
1.452;12.929
1.483;13.101
1.484;13.111
1.487;13.124
1.491;13.147
1.491;13.149
1.498;13.184
1.525;13.333
1.527;13.343
1.527;13.345
1.528;13.349
1.529;13.353
1.535;13.387
1.539;13.406
1.633;13.904
1.636;13.921
1.637;13.928
1.638;13.93
1.646;13.971
1.646;13.972
1.646;13.975
1.651;14.001
1.652;14.004
1.652;14.006
1.653;14.009
1.672;14.109
1.673;14.113
1.676;14.128
1.678;14.138
1.678;14.138
1.681;14.155
1.682;14.157
1.684;14.167
1.692;14.211
1.694;14.221
1.757;14.533
1.758;14.539
1.759;14.543
1.76;14.547
1.76;14.551
1.764;14.571
1.765;14.576
1.769;14.591
1.771;14.604
1.777;14.633
1.779;14.645
1.781;14.651
1.785;14.672
1.788;14.684
1.894;15.186
1.895;15.192
1.897;15.201
1.898;15.205
1.902;15.225
1.909;15.26
1.911;15.269
1.913;15.278
1.915;15.283
1.92;15.309
1.922;15.318
1.924;15.324
1.974;15.553
1.978;15.568
1.98;15.577
1.982;15.585
1.984;15.594
1.995;15.644
1.997;15.654
2;15.667
2.002;15.677
2.004;15.685
2.005;15.688
2.009;15.707
2.01;15.71
2.01;15.711
2.087;16.042
2.088;16.045
2.09;16.052
2.095;16.076
2.099;16.091
2.104;16.114
2.108;16.129
2.109;16.132
2.115;16.16
2.117;16.168
2.118;16.171
2.123;16.191
2.163;16.355
2.165;16.362
2.165;16.363
2.165;16.364
2.167;16.371
2.169;16.38
2.172;16.391
2.175;16.402
2.184;16.438
2.185;16.443
2.187;16.453
2.191;16.466
2.23;16.618
2.232;16.628
2.233;16.633
2.234;16.635
2.24;16.657
2.248;16.688
2.248;16.69
2.255;16.716
2.259;16.731
2.266;16.757
2.293;16.858
2.294;16.864
2.296;16.872
2.298;16.877
2.299;16.879
2.301;16.887
2.303;16.897
2.304;16.901
2.306;16.906
2.306;16.908
2.311;16.924
2.312;16.931
2.313;16.934
2.319;16.955
2.408;17.276
2.41;17.282
2.412;17.29
2.414;17.299
2.418;17.31
2.42;17.319
2.423;17.327
2.428;17.345
2.43;17.352
2.45;17.421
2.451;17.427
2.452;17.429
2.454;17.436
2.456;17.443
2.457;17.448
2.458;17.45
2.461;17.46
2.466;17.479
2.47;17.489
2.514;17.636
2.516;17.642
2.519;17.654
2.525;17.673
2.528;17.682
2.528;17.685
2.529;17.687
2.548;17.748
2.549;17.751
2.55;17.754
2.587;17.868
2.589;17.875
2.591;17.88
2.594;17.89
2.598;17.903
2.601;17.911
2.602;17.915
2.605;17.925
4.066;22.303
4.07;22.316
4.075;22.33
4.079;22.344
4.082;22.352
4.097;22.396
4.099;22.402
4.101;22.409
4.108;22.43
4.135;22.511
4.139;22.523
4.143;22.533
4.145;22.54
4.15;22.556
4.153;22.563
4.205;22.72
4.209;22.732
4.21;22.734
4.211;22.738
4.225;22.779
4.228;22.789
4.273;22.921
4.275;22.926
4.28;22.942
4.281;22.944
4.32;23.06
4.321;23.061
4.33;23.089
4.333;23.097
4.384;23.245
4.384;23.246
4.549;23.725
4.552;23.732
4.556;23.745
4.556;23.746
4.559;23.755
4.561;23.758
4.564;23.769
4.571;23.789
4.573;23.793
4.575;23.8
4.631;23.96
4.637;23.979
4.64;23.987
4.685;24.116
4.686;24.118
4.69;24.129
4.712;24.194
4.767;24.351
4.77;24.357
4.773;24.366
4.784;24.397
4.807;24.464
4.811;24.474
4.815;24.487
4.824;24.511
4.825;24.514
5.061;25.178
5.064;25.184
5.065;25.189
5.076;25.22
5.078;25.225
5.1;25.287
5.154;25.435
5.155;25.438
5.164;25.463
5.188;25.531
5.19;25.536
5.221;25.622
5.227;25.637
5.4;26.109
5.405;26.123
5.409;26.133
5.415;26.15
5.417;26.155
5.42;26.164
5.425;26.177
5.435;26.203
5.436;26.207
5.439;26.214
5.442;26.224
5.466;26.287
5.471;26.301
5.475;26.312
5.5;26.378
5.501;26.383
5.508;26.4
5.511;26.409
5.534;26.469
5.536;26.477
5.538;26.482
5.548;26.507
5.856;27.323
5.859;27.331
5.861;27.335
5.871;27.363
5.873;27.368
5.875;27.373
5.902;27.443
5.903;27.446
5.908;27.46
5.927;27.509
5.944;27.554
5.967;27.613
5.968;27.617
5.971;27.624
5.98;27.647
5.987;27.665
6.147;28.076
6.149;28.082
6.154;28.095
6.155;28.098
6.164;28.119
6.179;28.159
6.182;28.165
6.188;28.18
6.191;28.189
6.194;28.195
6.21;28.236
6.212;28.242
6.218;28.257
6.234;28.298
6.237;28.305
6.433;28.793
6.439;28.809
6.443;28.82
6.445;28.824
6.446;28.828
6.447;28.83
6.457;28.855
6.46;28.861
6.484;28.92
6.487;28.929
6.499;28.958
6.5;28.96
6.519;29.008
6.532;29.039
6.553;29.091
6.557;29.101
6.579;29.154
6.586;29.173
6.587;29.175
6.704;29.46
6.711;29.477
6.724;29.506
6.733;29.529
6.751;29.572
6.764;29.605
6.77;29.619
6.777;29.635
6.779;29.64
6.78;29.642
6.787;29.659
6.788;29.661
6.927;29.991
6.928;29.993
6.938;30.016
6.94;30.021
6.946;30.035
6.948;30.039
6.949;30.042
6.951;30.047
6.956;30.06
6.959;30.065
6.967;30.084
6.982;30.119
6.988;30.135
7.012;30.19
7.018;30.204
7.02;30.209
7.132;30.467
7.137;30.477
7.138;30.48
7.143;30.491
7.147;30.5
7.153;30.515
7.158;30.527
7.162;30.535
7.172;30.559
7.173;30.561
7.181;30.578
7.339;30.934
7.343;30.942
7.35;30.959
7.352;30.963
7.357;30.973
7.36;30.981
7.362;30.986
7.402;31.076
7.403;31.077
7.405;31.082
7.425;31.125
7.429;31.135
7.433;31.145
7.437;31.152
7.446;31.171
7.528;31.352
7.529;31.354
7.53;31.358
7.537;31.372
7.549;31.397
7.549;31.399
7.55;31.401
7.556;31.413
7.56;31.423
7.562;31.426
7.686;31.693
7.692;31.704
7.699;31.72
7.702;31.726
7.704;31.73
7.716;31.756
7.717;31.758
7.742;31.811
7.749;31.825
7.752;31.832
7.804;31.941
7.807;31.947
7.817;31.967
7.827;31.989
7.833;32.001
7.835;32.004
7.836;32.007
7.849;32.034
7.849;32.035
7.993;32.328
7.998;32.338
8.001;32.345
8.01;32.363
8.011;32.365
8.02;32.383
8.022;32.387
8.035;32.413
8.045;32.434
8.057;32.458
8.115;32.575
8.116;32.576
8.123;32.59
8.138;32.62
8.149;32.64
8.155;32.654
8.156;32.656
8.161;32.666
8.165;32.672
8.167;32.676
8.301;32.938
8.303;32.943
8.306;32.949
8.307;32.951
8.308;32.953
8.314;32.964
8.318;32.971
8.32;32.975
8.335;33.004
8.366;33.065
8.374;33.082
8.375;33.083
8.377;33.086
8.38;33.091
8.382;33.095
8.456;33.238
8.458;33.241
8.463;33.251
8.465;33.255
8.475;33.274
8.48;33.283
8.489;33.3
8.492;33.306
8.555;33.424
8.56;33.433
8.561;33.436
8.576;33.463
8.579;33.469
8.591;33.491
8.592;33.492
8.596;33.5
8.596;33.5
8.647;33.594
8.65;33.599
8.654;33.607
8.657;33.612
8.663;33.622
8.667;33.63
8.668;33.633
8.674;33.644
8.675;33.646
10.246;36.47
10.247;36.472
10.261;36.498
10.265;36.504
10.289;36.549
10.3;36.568
10.308;36.582
10.31;36.586
10.345;36.65
10.352;36.661
10.399;36.745
10.403;36.753
10.404;36.754
10.422;36.786
10.506;36.937
10.512;36.948
10.522;36.964
10.523;36.967
10.564;37.04
10.57;37.051
10.571;37.052
10.582;37.072
10.62;37.139
10.622;37.143
10.632;37.161
10.642;37.178
10.645;37.183
10.821;37.494
10.823;37.497
10.825;37.501
10.84;37.527
10.911;37.651
10.915;37.658
10.916;37.661
10.922;37.671
10.925;37.676
10.987;37.784
11.002;37.81
11.004;37.814
11.007;37.82
11.088;37.961
11.1;37.982
11.12;38.016
11.127;38.028
11.13;38.034
11.493;38.661
11.504;38.681
11.522;38.712
11.541;38.745
11.554;38.767
11.616;38.872
11.616;38.874
11.618;38.877
11.627;38.892
11.656;38.942
11.662;38.952
11.694;39.007
11.696;39.011
11.917;39.385
11.919;39.388
11.932;39.411
11.936;39.417
11.945;39.432
11.951;39.443
11.989;39.506
11.991;39.51
11.998;39.521
12.015;39.551
12.019;39.557
12.02;39.56
12.038;39.589
12.042;39.597
12.046;39.603
12.047;39.604
12.055;39.617
12.423;40.231
12.428;40.24
12.438;40.255
12.459;40.29
12.461;40.293
12.483;40.33
12.501;40.36
12.538;40.422
12.544;40.431
12.547;40.436
12.547;40.436
12.586;40.5
12.602;40.527
12.609;40.538
12.615;40.548
12.852;40.935
12.858;40.945
12.865;40.956
12.868;40.962
12.883;40.987
12.888;40.995
12.905;41.023
12.907;41.025
12.91;41.031
12.936;41.073
12.937;41.075
12.94;41.079
12.949;41.093
12.96;41.111
12.961;41.113
12.979;41.143
12.986;41.152
12.99;41.16
13.322;41.693
13.347;41.733
13.351;41.739
13.356;41.748
13.381;41.787
13.387;41.797
13.393;41.807
13.414;41.841
13.415;41.843
13.422;41.852
13.452;41.901
13.46;41.914
13.462;41.917
13.5;41.977
13.539;42.039
13.55;42.056
13.553;42.061
13.698;42.289
13.699;42.292
13.7;42.294
13.701;42.294
13.711;42.31
13.714;42.315
13.728;42.338
13.732;42.343
13.742;42.359
13.747;42.366
13.769;42.401
13.774;42.409
13.812;42.468
13.813;42.471
13.821;42.482
13.824;42.488
13.831;42.498
13.831;42.499
14.179;43.038
14.182;43.043
14.189;43.054
14.191;43.057
14.201;43.071
14.21;43.086
14.233;43.121
14.234;43.123
14.241;43.133
14.27;43.178
14.272;43.182
14.286;43.202
14.311;43.241
14.314;43.246
14.315;43.248
14.322;43.259
14.328;43.268
14.449;43.452
14.456;43.462
14.459;43.467
14.461;43.469
14.467;43.479
14.471;43.486
14.472;43.487
14.474;43.49
14.487;43.51
14.488;43.511
14.502;43.532
14.506;43.538
14.516;43.554
14.533;43.579
14.537;43.585
14.553;43.609
14.858;44.067
14.864;44.075
14.867;44.08
14.872;44.088
14.873;44.089
14.875;44.091
14.876;44.093
14.892;44.117
14.894;44.121
14.901;44.131
14.92;44.159
14.926;44.167
14.939;44.188
14.941;44.19
14.95;44.204
14.952;44.207
14.958;44.216
14.963;44.223
15.07;44.38
15.073;44.386
15.08;44.395
15.09;44.41
15.108;44.437
15.139;44.483
15.146;44.492
15.169;44.526
15.171;44.53
15.173;44.531
15.182;44.544
15.405;44.868
15.406;44.87
15.409;44.875
15.411;44.877
15.414;44.881
15.421;44.891
15.444;44.925
15.46;44.948
15.461;44.95
15.479;44.975
15.486;44.986
15.507;45.015
15.508;45.018
15.537;45.059
15.614;45.169
15.619;45.175
15.644;45.211
15.655;45.227
15.659;45.232
15.676;45.257
15.695;45.283
15.704;45.296
15.707;45.301
15.712;45.307
15.73;45.332
15.91;45.586
15.911;45.588
15.919;45.598
15.92;45.6
15.924;45.605
15.933;45.618
15.939;45.627
15.969;45.668
15.973;45.674
15.977;45.68
15.991;45.7
15.998;45.71
16.016;45.734
16.017;45.735
16.024;45.746
16.031;45.755
16.208;46
16.215;46.01
16.217;46.013
16.223;46.02
16.236;46.039
16.239;46.043
16.253;46.062
16.267;46.081
16.271;46.087
16.283;46.104
16.287;46.109
16.29;46.113
16.294;46.119
16.546;46.462
16.549;46.465
16.552;46.47
16.554;46.472
16.555;46.475
16.558;46.477
16.568;46.492
16.573;46.498
16.577;46.504
16.608;46.547
16.61;46.548
16.611;46.55
16.629;46.574
16.648;46.6
16.663;46.621
16.664;46.622
16.671;46.631
16.675;46.637
16.739;46.723
16.741;46.726
16.746;46.732
16.749;46.736
16.758;46.749
16.76;46.751
16.766;46.758
16.773;46.768
16.775;46.77
16.78;46.777
16.791;46.793
16.794;46.796
16.795;46.797
16.964;47.021
16.972;47.031
16.978;47.039
16.982;47.044
16.996;47.063
17.018;47.092
17.033;47.112
17.037;47.117
17.041;47.122
17.047;47.13
17.052;47.137
17.058;47.145
17.167;47.287
17.171;47.292
17.172;47.293
17.179;47.303
17.203;47.334
17.209;47.342
17.22;47.356
17.23;47.368
17.237;47.377
17.251;47.395
17.252;47.398
18.953;49.582
18.963;49.596
18.982;49.619
18.99;49.63
19.002;49.645
19.039;49.693
19.041;49.695
19.05;49.708
19.11;49.783
19.118;49.795
19.122;49.799
19.148;49.832
19.151;49.837
19.241;49.952
19.246;49.958
19.247;49.96
19.255;49.97
19.275;49.995
19.328;50.062
19.33;50.065
19.337;50.074
19.346;50.086
19.348;50.088
19.381;50.129
19.391;50.143
19.639;50.457
19.642;50.46
19.646;50.465
19.649;50.469
19.659;50.481
19.661;50.484
19.689;50.52
19.759;50.608
19.762;50.612
19.765;50.615
19.806;50.668
19.832;50.7
19.836;50.705
19.917;50.807
19.919;50.809
19.924;50.816
19.927;50.819
19.939;50.835
19.94;50.836
19.944;50.841
19.949;50.847
20.287;51.27
20.288;51.271
20.294;51.279
20.3;51.286
20.302;51.288
20.32;51.31
20.323;51.314
20.333;51.326
20.364;51.365
20.369;51.371
20.377;51.382
20.381;51.387
20.414;51.427
20.432;51.45
20.462;51.487
20.483;51.513
20.488;51.519
20.788;51.889
20.795;51.897
20.801;51.904
20.807;51.912
20.812;51.918
20.825;51.935
20.84;51.953
20.847;51.961
20.849;51.963
20.85;51.965
20.882;52.004
20.884;52.006
20.895;52.02
20.9;52.026
20.947;52.084
20.949;52.086
20.959;52.098
20.964;52.105
20.99;52.136
20.998;52.146
20.999;52.147
21.55;52.816
21.55;52.817
21.566;52.836
21.569;52.839
21.575;52.848
21.606;52.885
21.608;52.887
21.627;52.91
21.645;52.932
21.646;52.933
21.689;52.986
21.712;53.013
21.72;53.022
21.75;53.059
21.759;53.069
21.768;53.08
21.815;53.137
21.819;53.142
21.825;53.15
21.829;53.153
22.104;53.484
22.106;53.486
22.119;53.501
22.12;53.502
22.124;53.507
22.127;53.511
22.182;53.577
22.184;53.579
22.196;53.594
22.204;53.603
22.213;53.613
22.228;53.632
22.25;53.658
22.284;53.698
22.287;53.702
22.293;53.709
22.308;53.726
22.775;54.279
22.78;54.286
22.787;54.293
22.795;54.303
22.818;54.33
22.888;54.413
22.892;54.417
22.901;54.429
22.903;54.431
22.942;54.476
22.948;54.484
22.969;54.508
22.977;54.517
23;54.545
23.038;54.589
23.043;54.595
23.249;54.836
23.25;54.837
23.251;54.838
23.257;54.845
23.259;54.848
23.265;54.855
23.305;54.901
23.313;54.91
23.367;54.973
23.415;55.028
23.446;55.065
23.448;55.067
23.468;55.09
23.47;55.093
23.471;55.094
23.477;55.101
23.89;55.576
23.891;55.578
23.906;55.595
23.911;55.601
23.927;55.619
23.969;55.667
23.972;55.671
23.973;55.673
24.007;55.711
24.009;55.713
24.015;55.72
24.047;55.757
24.054;55.765
24.075;55.789
24.11;55.829
24.119;55.84
24.12;55.841
24.125;55.846
24.307;56.054
24.309;56.056
24.313;56.06
24.337;56.088
24.346;56.098
24.372;56.128
24.392;56.15
24.41;56.17
24.412;56.173
24.435;56.198
24.962;56.791
24.979;56.81
24.991;56.824
25.004;56.839
25.013;56.848
25.018;56.854
25.079;56.923
25.081;56.925
25.099;56.945
25.13;56.979
25.157;57.009
25.211;57.07
25.235;57.097
25.474;57.362
25.475;57.363
25.483;57.373
25.489;57.379
25.521;57.415
25.527;57.421
25.536;57.431
25.538;57.433
25.566;57.463
25.567;57.465
25.589;57.489
25.591;57.491
25.892;57.822
25.902;57.832
25.903;57.833
25.92;57.853
25.939;57.873
25.952;57.887
25.958;57.894
25.964;57.9
25.97;57.907
26.016;57.958
26.024;57.966
26.051;57.995
26.057;58.002
26.082;58.029
26.255;58.216
26.261;58.223
26.263;58.226
26.271;58.233
26.285;58.249
26.286;58.25
26.299;58.264
26.31;58.276
26.327;58.294
26.334;58.302
26.357;58.326
26.364;58.334
26.369;58.339
26.373;58.343
26.759;58.757
26.767;58.765
26.785;58.785
26.817;58.819
26.824;58.826
26.851;58.856
26.855;58.86
26.889;58.895
26.914;58.922
27.09;59.109
27.107;59.126
27.122;59.143
27.134;59.155
27.158;59.18
27.168;59.191
27.17;59.193
27.171;59.194
27.194;59.218
27.204;59.228
27.531;59.571
27.534;59.574
27.54;59.58
27.552;59.592
27.562;59.603
27.577;59.618
27.599;59.642
27.6;59.643
27.615;59.658
27.748;59.795
27.764;59.812
27.764;59.812
27.822;59.871
27.823;59.873
27.843;59.893
27.847;59.898
27.849;59.9
27.876;59.927
27.886;59.937
27.894;59.946
27.921;59.973
28.136;60.193
28.14;60.197
28.158;60.215
28.166;60.223
28.209;60.268
28.215;60.274
28.231;60.29
28.258;60.317
28.26;60.319
28.278;60.337
28.281;60.34
28.282;60.342
28.294;60.354
28.295;60.355
28.298;60.358
28.434;60.496
28.439;60.5
28.445;60.506
28.447;60.509
28.461;60.522
28.464;60.526
28.466;60.527
28.467;60.529
28.484;60.546
28.489;60.551
28.492;60.554
30.106;62.167
30.109;62.17
30.11;62.171
30.125;62.186
30.137;62.198
30.143;62.203
30.15;62.21
30.164;62.225
30.189;62.249
30.195;62.256
30.202;62.263
30.205;62.266
30.253;62.313
30.257;62.318
30.27;62.33
30.271;62.331
30.351;62.411
30.37;62.43
30.372;62.432
30.468;62.527
30.484;62.543
30.495;62.554
30.5;62.559
30.524;62.583
30.542;62.6
30.547;62.606
30.751;62.807
30.758;62.814
30.772;62.827
30.778;62.834
30.787;62.842
30.79;62.846
30.849;62.904
30.859;62.914
30.861;62.916
30.864;62.918
30.907;62.961
30.921;62.975
30.969;63.021
30.979;63.032
30.988;63.04
30.989;63.042
30.996;63.049
31.458;63.5
31.462;63.504
31.472;63.514
31.478;63.519
31.481;63.523
31.494;63.535
31.537;63.577
31.548;63.588
31.56;63.6
31.624;63.662
31.641;63.679
31.679;63.715
31.707;63.742
31.708;63.744
31.715;63.75
31.972;63.998
31.978;64.004
31.997;64.023
31.999;64.024
32.007;64.032
32.033;64.057
32.037;64.061
32.053;64.076
32.062;64.086
32.081;64.103
32.085;64.107
32.146;64.166
32.151;64.171
32.153;64.173
32.157;64.177
32.178;64.197
32.188;64.206
32.197;64.215
32.722;64.717
32.724;64.72
32.742;64.737
32.749;64.743
32.795;64.787
32.798;64.79
32.819;64.81
32.824;64.815
32.83;64.821
32.861;64.851
32.924;64.91
32.931;64.917
32.949;64.934
32.95;64.935
32.981;64.965
32.99;64.973
32.992;64.975
32.998;64.98
33.028;65.009
33.05;65.03
33.052;65.032
33.326;65.292
33.339;65.303
33.342;65.306
33.366;65.329
33.369;65.332
33.37;65.333
33.422;65.382
33.425;65.384
33.439;65.398
33.442;65.401
33.485;65.441
33.49;65.446
33.533;65.487
33.534;65.488
33.542;65.495
33.551;65.504
34.037;65.959
34.048;65.97
34.076;65.995
34.113;66.03
34.195;66.107
34.205;66.116
34.248;66.156
34.255;66.162
34.263;66.17
34.306;66.211
34.314;66.218
34.321;66.224
34.561;66.446
34.565;66.45
34.566;66.452
34.569;66.454
34.571;66.456
34.577;66.461
34.582;66.466
34.613;66.495
34.624;66.505
34.66;66.539
34.671;66.548
34.681;66.557
34.686;66.562
34.712;66.586
34.716;66.59
34.738;66.61
35.207;67.04
35.223;67.055
35.234;67.065
35.243;67.073
35.262;67.091
35.276;67.104
35.279;67.107
35.289;67.116
35.338;67.161
35.34;67.162
35.345;67.167
35.381;67.2
35.418;67.234
35.428;67.243
35.494;67.303
35.501;67.309
35.537;67.342
35.545;67.35
35.552;67.356
35.746;67.532
35.754;67.54
35.777;67.56
35.802;67.583
35.815;67.595
35.85;67.626
35.853;67.629
35.859;67.634
35.899;67.671
35.902;67.673
35.914;67.684
35.934;67.702
35.938;67.706
35.948;67.715
36.5;68.211
36.501;68.212
36.507;68.218
36.516;68.226
36.521;68.23
36.524;68.233
36.53;68.239
36.574;68.278
36.596;68.297
36.598;68.299
36.615;68.315
36.637;68.335
36.64;68.337
36.643;68.34
36.69;68.382
36.694;68.386
36.717;68.406
36.719;68.408
36.735;68.422
36.753;68.439
36.76;68.445
36.776;68.459
36.789;68.471
36.79;68.472
36.983;68.643
37.004;68.662
37.013;68.67
37.056;68.708
37.104;68.751
37.126;68.77
37.15;68.791
37.158;68.799
37.185;68.823
37.187;68.824
37.588;69.178
37.591;69.181
37.592;69.182
37.596;69.185
37.598;69.187
37.61;69.197
37.616;69.202
37.623;69.209
37.648;69.231
37.684;69.263
37.692;69.269
37.701;69.278
37.712;69.287
37.734;69.306
37.736;69.308
37.765;69.334
37.789;69.355
37.795;69.36
37.799;69.363
37.819;69.38
37.852;69.41
37.973;69.515
37.979;69.521
37.988;69.528
38.007;69.545
38.014;69.551
38.016;69.553
38.05;69.583
38.055;69.587
38.079;69.608
38.081;69.61
38.092;69.619
38.118;69.641
38.123;69.645
38.512;69.982
38.52;69.989
38.529;69.997
38.542;70.008
38.545;70.011
38.575;70.037
38.585;70.046
38.592;70.052
38.668;70.117
38.681;70.128
38.685;70.132
38.707;70.15
38.717;70.159
38.719;70.161
38.747;70.185
38.804;70.234
38.807;70.237
38.81;70.239
39.016;70.416
39.017;70.416
39.021;70.42
39.024;70.422
39.035;70.432
39.084;70.474
39.098;70.485
39.127;70.511
39.156;70.535
39.182;70.557
39.188;70.563
39.191;70.565
39.193;70.566
39.211;70.582
39.594;70.907
39.599;70.911
39.62;70.929
39.627;70.935
39.638;70.945
39.649;70.953
39.653;70.957
39.67;70.971
39.699;70.996
39.705;71.001
39.716;71.01
39.747;71.036
39.764;71.051
39.78;71.064
39.897;71.162
39.898;71.163
39.903;71.167
39.907;71.171
39.916;71.178
39.934;71.193
39.948;71.205
39.95;71.207
39.996;71.245
40.011;71.258
40.027;71.271
40.029;71.273
40.035;71.278
40.046;71.287
40.062;71.301
40.33;71.523
40.344;71.535
40.355;71.545
40.358;71.547
40.362;71.55
40.37;71.557
40.391;71.575
40.395;71.577
40.413;71.593
40.43;71.607
40.434;71.61
40.474;71.643
40.479;71.647
40.662;71.799
40.675;71.809
40.677;71.811
40.678;71.811
40.734;71.857
40.754;71.874
40.755;71.874
40.775;71.891
40.785;71.899
40.793;71.906
41.216;72.252
41.222;72.257
41.24;72.272
41.242;72.273
41.278;72.303
41.289;72.312
41.29;72.312
41.298;72.319
41.333;72.348
41.358;72.367
41.398;72.4
41.403;72.405
41.406;72.407
41.417;72.416
41.518;72.498
41.528;72.505
41.531;72.508
41.534;72.511
41.547;72.521
41.603;72.566
41.605;72.568
41.614;72.575
41.617;72.577
41.625;72.584
41.629;72.587
41.636;72.593
41.88;72.789
41.883;72.791
41.885;72.793
41.889;72.796
41.901;72.805
41.934;72.832
41.944;72.84
41.947;72.843
41.955;72.849
41.969;72.86
41.971;72.862
41.987;72.875
41.996;72.881
42.081;72.949
42.082;72.95
42.084;72.951
42.103;72.967
42.115;72.976
42.13;72.988
42.141;72.997
42.146;73.001
42.153;73.007
42.429;73.224
42.437;73.23
42.44;73.233
42.441;73.234
42.442;73.235
42.446;73.237
42.455;73.245
42.475;73.26
42.508;73.287
42.514;73.291
42.549;73.318
42.553;73.321
42.566;73.332
42.666;73.411
42.675;73.417
42.683;73.423
42.695;73.433
42.705;73.441
42.714;73.448
42.725;73.456
42.75;73.476
42.763;73.486
42.963;73.641
42.977;73.652
42.981;73.655
42.985;73.658
43.015;73.681
43.018;73.683
43.037;73.699
43.062;73.717
43.064;73.719
43.074;73.727
43.084;73.735
43.122;73.764
43.124;73.765
43.13;73.77
43.152;73.787
43.173;73.803
43.178;73.807
43.18;73.808
43.185;73.812
43.204;73.827
43.218;73.837
43.384;73.964
43.397;73.974
43.411;73.985
43.436;74.003
43.454;74.017
43.47;74.029
43.518;74.066
43.524;74.07
43.535;74.079
43.548;74.089
43.642;74.16
43.648;74.164
43.649;74.165
43.664;74.176
43.667;74.178
43.674;74.184
43.696;74.2
43.709;74.21
43.729;74.225
43.731;74.227
44.001;74.429
44.005;74.432
44.007;74.433
44.014;74.439
44.021;74.443
44.028;74.449
44.064;74.476
44.069;74.48
44.079;74.487
44.081;74.488
44.089;74.495
44.22;74.592
44.223;74.594
44.226;74.596
44.242;74.609
44.251;74.615
44.266;74.626
44.267;74.627
44.271;74.63
44.275;74.632
44.285;74.64
44.289;74.643
44.379;74.709
44.383;74.712
44.388;74.716
44.402;74.726
44.409;74.731
44.41;74.732
44.417;74.737
44.419;74.739
44.421;74.74
44.521;74.814
44.522;74.814
44.537;74.825
44.566;74.846
44.58;74.856
44.586;74.861
44.748;74.978
44.759;74.987
44.778;75
44.797;75.013
44.808;75.022
44.817;75.028
44.829;75.037
44.854;75.055
44.858;75.058
44.86;75.06
46.251;76.06
46.258;76.065
46.277;76.079
46.28;76.081
46.288;76.087
46.368;76.144
46.379;76.152
46.386;76.157
46.475;76.221
46.482;76.226
46.539;76.267
46.543;76.27
46.609;76.317
46.691;76.376
46.7;76.382
46.71;76.39
46.72;76.397
46.812;76.462
46.82;76.468
47.193;76.734
47.201;76.74
47.209;76.746
47.21;76.747
47.215;76.75
47.237;76.766
47.246;76.772
47.277;76.794
47.282;76.798
47.294;76.806
47.307;76.816
47.349;76.846
47.355;76.85
47.364;76.856
47.446;76.915
47.457;76.923
47.529;76.973
47.92;77.25
47.931;77.258
47.935;77.261
47.946;77.269
47.95;77.271
47.964;77.281
48.011;77.315
48.015;77.318
48.067;77.354
48.069;77.356
48.179;77.433
48.192;77.442
48.201;77.449
48.221;77.463
48.237;77.474
48.245;77.48
48.267;77.496
48.271;77.498
48.668;77.778
48.673;77.781
48.696;77.797
48.737;77.826
48.741;77.828
48.756;77.839
48.796;77.867
48.805;77.873
48.854;77.908
48.857;77.91
48.867;77.917
48.9;77.939
48.905;77.943
48.906;77.944
48.91;77.947
49.521;78.373
49.524;78.375
49.535;78.383
49.548;78.392
49.551;78.394
49.572;78.408
49.625;78.445
49.644;78.459
49.652;78.464
49.732;78.519
49.742;78.527
49.749;78.532
49.752;78.533
49.76;78.539
49.799;78.566
49.808;78.573
50.201;78.844
50.205;78.847
50.233;78.866
50.237;78.869
50.247;78.876
50.286;78.903
50.34;78.94
50.361;78.954
50.408;78.987
50.415;78.992
50.423;78.997
50.456;79.02
50.459;79.022
50.461;79.023
50.487;79.041
50.983;79.382
50.986;79.384
51.001;79.394
51.006;79.398
51.01;79.401
51.015;79.404
51.056;79.432
51.06;79.435
51.078;79.447
51.119;79.476
51.172;79.512
51.2;79.53
51.26;79.572
51.275;79.582
51.285;79.589
51.318;79.611
51.74;79.899
51.745;79.902
51.751;79.906
51.753;79.908
51.755;79.909
51.757;79.911
51.78;79.926
51.784;79.929
51.813;79.949
51.827;79.958
51.897;80.006
51.902;80.009
51.918;80.02
51.922;80.023
51.944;80.038
51.953;80.044
51.957;80.047
51.985;80.065
51.996;80.073
52.002;80.077
52.488;80.406
52.49;80.407
52.498;80.412
52.499;80.413
52.566;80.458
52.568;80.46
52.573;80.463
52.638;80.507
52.657;80.52
52.707;80.553
52.715;80.559
52.718;80.56
52.728;80.567
52.735;80.572
52.747;80.58
52.752;80.584
53.123;80.833
53.152;80.852
53.157;80.856
53.206;80.888
53.208;80.89
53.263;80.926
53.293;80.946
53.294;80.947
53.3;80.951
53.355;80.988
53.364;80.994
53.383;81.007
53.413;81.026
53.968;81.397
53.978;81.403
53.988;81.409
53.99;81.411
54.011;81.425
54.046;81.448
54.055;81.454
54.063;81.46
54.087;81.476
54.167;81.528
54.182;81.538
54.22;81.563
54.613;81.824
54.64;81.841
54.655;81.851
54.656;81.852
54.665;81.858
54.746;81.911
54.755;81.918
54.815;81.957
54.821;81.961
54.838;81.972
54.847;81.978
54.857;81.985
54.864;81.989
54.879;81.999
55.361;82.315
55.365;82.318
55.371;82.322
55.384;82.33
55.409;82.347
55.414;82.35
55.449;82.373
55.45;82.374
55.494;82.403
55.513;82.415
55.524;82.422
55.527;82.424
55.536;82.43
55.596;82.469
55.602;82.473
55.635;82.495
55.826;82.62
55.829;82.621
55.835;82.625
55.84;82.629
55.861;82.642
55.864;82.644
55.868;82.646
55.915;82.677
55.939;82.693
55.949;82.699
55.981;82.72
55.996;82.73
56.03;82.752
56.039;82.757
56.046;82.762
56.408;82.996
56.417;83.002
56.421;83.005
56.45;83.024
56.454;83.026
56.502;83.057
56.506;83.059
56.507;83.06
56.622;83.135
56.641;83.147
56.646;83.15
56.675;83.169
56.688;83.177
56.691;83.179
57.018;83.389
57.021;83.391
57.053;83.411
57.065;83.419
57.095;83.439
57.102;83.443
57.107;83.446
57.115;83.451
57.127;83.459
57.176;83.491
57.2;83.505
57.201;83.507
57.233;83.527
57.238;83.53
57.3;83.57
57.31;83.576
57.702;83.826
57.729;83.843
57.735;83.847
57.76;83.863
57.767;83.867
57.769;83.869
57.824;83.904
57.854;83.923
57.881;83.94
57.898;83.951
57.935;83.974
57.936;83.975
57.946;83.982
57.956;83.988
57.983;84.005
57.989;84.009
58.23;84.161
58.239;84.167
58.247;84.172
58.251;84.174
58.254;84.177
58.261;84.181
58.283;84.195
58.33;84.225
58.336;84.229
58.383;84.258
58.384;84.259
58.387;84.26
58.396;84.266
58.413;84.277
58.416;84.279
58.426;84.285
58.706;84.461
58.734;84.479
58.774;84.504
58.778;84.506
58.786;84.511
58.81;84.526
58.841;84.546
58.873;84.566
58.904;84.585
58.908;84.588
58.934;84.604
58.938;84.607
59.091;84.702
59.096;84.706
59.103;84.71
59.104;84.71
59.112;84.716
59.171;84.752
59.178;84.756
59.198;84.769
59.215;84.78
59.227;84.787
59.244;84.797
59.268;84.813
59.739;85.105
59.756;85.115
59.77;85.124
59.786;85.134
59.793;85.138
59.794;85.139
59.859;85.179
59.869;85.185
59.925;85.22
59.927;85.221
59.943;85.231
59.956;85.239
59.99;85.26
60.004;85.269
60.006;85.27
60.017;85.277
60.179;85.377
60.199;85.389
60.211;85.396
60.224;85.404
60.225;85.405
60.246;85.418
60.248;85.419
60.252;85.421
60.271;85.433
60.278;85.437
60.31;85.457
60.327;85.467
60.33;85.47
60.335;85.473
60.34;85.475
60.615;85.644
60.63;85.653
60.636;85.657
60.638;85.658
60.649;85.664
60.685;85.687
60.69;85.689
60.72;85.708
60.735;85.717
60.755;85.729
60.763;85.734
61.036;85.9
61.039;85.902
61.05;85.909
61.06;85.914
61.075;85.924
61.077;85.925
61.083;85.929
61.098;85.938
61.143;85.965
61.15;85.969
61.425;86.135
61.434;86.14
61.444;86.147
61.472;86.164
61.478;86.167
61.501;86.181
61.576;86.226
61.58;86.229
61.586;86.232
61.593;86.236
61.706;86.304
61.717;86.31
61.723;86.314
61.739;86.324
61.743;86.326
61.778;86.347
61.813;86.368
61.815;86.369
61.825;86.375
61.836;86.382
61.843;86.386
62.001;86.48
62.003;86.481
62.007;86.484
62.029;86.497
62.06;86.515
62.064;86.518
62.068;86.52
62.098;86.538
62.116;86.549
62.127;86.555
62.281;86.646
62.285;86.649
62.287;86.65
62.315;86.666
62.331;86.675
62.341;86.681
62.348;86.686
62.36;86.693
62.54;86.799
62.545;86.801
62.575;86.819
62.577;86.82
62.596;86.831
62.609;86.839
62.615;86.842
62.652;86.864
62.658;86.868
62.663;86.871
62.68;86.881
62.838;86.973
62.844;86.976
62.849;86.979
62.9;87.009
62.912;87.016
62.914;87.017
62.931;87.027
62.949;87.038
62.951;87.039
62.979;87.055
62.988;87.06
63.267;87.222
63.284;87.232
63.289;87.235
63.3;87.241
63.316;87.251
63.377;87.286
63.395;87.296
63.417;87.309
63.438;87.321
63.464;87.336
63.468;87.339
63.504;87.359
63.64;87.438
63.641;87.438
63.66;87.449
63.669;87.455
63.696;87.47
63.703;87.474
63.713;87.48
63.722;87.485
63.726;87.487
63.76;87.507
63.933;87.606
63.937;87.608
63.95;87.616
63.965;87.624
63.982;87.634
64.007;87.648
64.009;87.649
64.013;87.652
64.031;87.662
64.056;87.676
64.235;87.778
64.251;87.787
64.269;87.797
64.301;87.815
64.318;87.825
64.322;87.827
64.333;87.834
64.344;87.84
64.59;87.979
64.628;88.001
64.63;88.001
64.651;88.013
64.653;88.015
64.666;88.022
64.861;88.132
64.885;88.145
64.91;88.159
64.911;88.16
64.936;88.174
64.94;88.176
64.951;88.182
64.953;88.183
64.986;88.202
64.994;88.206
65;88.209
65.249;88.349
65.261;88.355
65.271;88.361
65.282;88.367
65.311;88.383
65.325;88.391
65.334;88.396
65.447;88.459
65.455;88.463
65.467;88.47
65.476;88.475
65.519;88.499
65.52;88.499
65.61;88.549
65.615;88.551
65.618;88.553
65.622;88.555
65.629;88.559
65.652;88.572
65.659;88.576
65.661;88.577
65.716;88.607
65.733;88.616
65.741;88.621
65.961;88.741
66.017;88.771
66.046;88.787
66.061;88.795
66.09;88.811
66.098;88.815
66.122;88.828
66.127;88.831
66.151;88.844
66.212;88.877
66.223;88.883
66.245;88.895
66.252;88.899
66.281;88.914
66.401;88.979
66.412;88.985
66.425;88.992
66.448;89.004
66.451;89.006
66.481;89.022
66.506;89.036
66.514;89.04
66.541;89.054
66.542;89.055
66.55;89.059
66.56;89.064
66.572;89.071
66.581;89.075
66.595;89.083
66.714;89.146
66.718;89.149
66.754;89.168
66.766;89.174
66.785;89.184
66.896;89.243
66.915;89.253
66.917;89.254
66.928;89.26
66.955;89.274
66.963;89.278
66.967;89.28
66.969;89.281
67.143;89.373
67.147;89.375
67.161;89.382
67.179;89.392
67.198;89.402
67.201;89.403
67.215;89.41
67.227;89.417
67.233;89.42
67.242;89.425
67.246;89.427
67.332;89.472
67.334;89.473
67.339;89.476
67.344;89.478
67.362;89.488
67.381;89.498
67.439;89.527
67.442;89.529
67.472;89.545
67.486;89.552
67.516;89.568
67.53;89.575
67.623;89.623
67.637;89.63
67.647;89.635
67.668;89.646
67.673;89.649
67.694;89.659
68.331;89.987
68.339;89.991
68.372;90.008
68.395;90.02
68.417;90.031
68.457;90.052
68.506;90.077
68.515;90.081
68.559;90.104
68.601;90.126
68.777;90.215
68.777;90.215
68.786;90.22
68.789;90.221
68.809;90.231
68.84;90.247
68.846;90.25
68.919;90.288
68.938;90.298
68.946;90.302
68.952;90.305
68.954;90.305
69.174;90.417
69.176;90.418
69.211;90.436
69.214;90.438
69.275;90.468
69.294;90.478
69.306;90.484
69.428;90.546
69.434;90.549
69.441;90.552
69.443;90.554
69.45;90.557
69.454;90.559
69.479;90.571
69.502;90.583
69.696;90.681
69.7;90.683
69.702;90.684
69.704;90.685
69.754;90.71
69.757;90.711
69.844;90.755
69.872;90.769
69.911;90.789
69.92;90.793
69.93;90.798
69.947;90.807
70.228;90.947
70.232;90.949
70.234;90.95
70.288;90.977
70.294;90.98
70.296;90.981
70.303;90.984
70.309;90.987
70.346;91.006
70.354;91.01
70.365;91.015
70.417;91.041
70.43;91.047
70.442;91.054
70.652;91.158
70.667;91.166
70.698;91.181
70.723;91.193
70.743;91.203
70.752;91.208
70.768;91.216
70.774;91.219
70.799;91.231
70.806;91.234
70.957;91.309
70.978;91.319
70.981;91.321
71.012;91.336
71.031;91.346
71.072;91.366
71.097;91.378
71.13;91.394
71.136;91.397
71.328;91.492
71.34;91.497
71.365;91.51
71.41;91.532
71.428;91.541
71.463;91.558
71.482;91.567
71.496;91.574
71.517;91.584
71.601;91.625
71.622;91.636
71.63;91.64
71.642;91.646
71.663;91.656
71.684;91.666
71.705;91.676
71.714;91.68
71.992;91.816
71.997;91.818
72.041;91.839
72.073;91.855
72.077;91.857
72.104;91.87
72.108;91.872
72.17;91.902
72.172;91.903
72.177;91.905
72.182;91.908
72.294;91.962
72.297;91.963
72.307;91.968
72.312;91.971
72.333;91.981
72.346;91.987
72.376;92.002
72.386;92.007
72.39;92.009
72.398;92.012
72.409;92.018
72.595;92.107
72.598;92.109
72.619;92.119
72.67;92.143
72.718;92.166
72.726;92.17
72.761;92.187
72.77;92.191
72.775;92.193
72.8;92.206
72.807;92.209
72.818;92.214
72.901;92.254
72.903;92.255
72.905;92.256
72.908;92.257
72.932;92.269
72.957;92.281
72.962;92.283
72.967;92.285
72.969;92.286
72.971;92.287
73.139;92.367
73.146;92.371
73.149;92.372
73.151;92.373
73.168;92.381
73.175;92.384
73.185;92.389
73.192;92.393
73.21;92.401
73.214;92.403
73.225;92.408
73.246;92.418
73.331;92.458
73.335;92.46
73.339;92.462
73.355;92.469
73.36;92.472
73.386;92.484
73.39;92.486
73.416;92.499
73.437;92.508
73.452;92.515
73.46;92.519
73.676;92.621
73.681;92.623
73.692;92.629
73.704;92.634
73.727;92.645
73.757;92.659
73.759;92.66
73.91;92.73
73.931;92.741
73.944;92.746
73.993;92.769
74.015;92.78
74.022;92.783
74.047;92.795
74.255;92.891
74.261;92.894
74.268;92.898
74.273;92.9
74.277;92.902
74.305;92.915
74.332;92.927
74.363;92.942
74.382;92.951
74.388;92.954
74.392;92.955
74.41;92.964
74.444;92.979
74.45;92.982
74.462;92.988
74.52;93.015
74.527;93.018
74.538;93.023
74.55;93.029
74.558;93.032
74.595;93.049
74.62;93.061
74.624;93.063
74.636;93.068
74.794;93.141
74.805;93.146
74.823;93.155
74.83;93.158
74.861;93.172
74.867;93.175
74.89;93.185
74.898;93.189
74.919;93.199
74.927;93.202
74.996;93.234
75.054;93.261
75.06;93.263
75.084;93.274
75.093;93.279
75.108;93.286
75.12;93.291
75.25;93.35
75.254;93.352
75.265;93.357
75.268;93.359
75.283;93.365
75.289;93.368
75.322;93.383
75.327;93.385
75.332;93.388
75.43;93.432
75.435;93.434
75.443;93.438
75.45;93.441
75.458;93.445
75.459;93.445
75.594;93.506
75.596;93.507
75.609;93.513
75.638;93.526
75.644;93.529
75.677;93.544
75.682;93.546
75.684;93.547
75.731;93.568
75.736;93.571
75.761;93.582
75.837;93.616
75.845;93.619
75.848;93.621
75.864;93.628
75.886;93.638
75.901;93.645
75.992;93.685
76;93.689
76.015;93.695
76.037;93.705
76.054;93.713
76.058;93.715
76.1;93.733
76.105;93.736
76.225;93.789
76.228;93.79
76.232;93.792
76.26;93.805
76.273;93.81
76.297;93.821
76.302;93.823
76.304;93.824
76.447;93.888
76.46;93.893
76.468;93.897
76.473;93.899
76.489;93.906
76.491;93.907
76.497;93.91
76.509;93.915
76.538;93.928
76.54;93.929
76.545;93.931
76.61;93.96
76.621;93.964
76.624;93.966
76.642;93.973
76.644;93.974
76.666;93.984
76.674;93.988
76.825;94.054
76.837;94.059
76.84;94.061
76.889;94.082
76.893;94.084
76.914;94.093
76.923;94.097
76.931;94.1
77.036;94.146
77.04;94.148
77.052;94.153
77.056;94.155
77.073;94.162
77.08;94.166
77.081;94.166
77.104;94.176
77.348;94.282
77.352;94.284
77.363;94.289
77.383;94.297
77.396;94.303
77.401;94.305
77.424;94.315
77.513;94.354
77.521;94.357
77.536;94.363
77.557;94.372
77.574;94.38
77.575;94.38
77.698;94.433
77.716;94.441
77.724;94.444
77.755;94.458
77.772;94.465
77.809;94.481
77.814;94.483
77.829;94.489
77.831;94.49
77.958;94.544
77.96;94.545
77.966;94.548
77.968;94.548
77.982;94.554
77.989;94.557
78.059;94.587
78.071;94.592
78.087;94.599
78.113;94.61
78.199;94.646
78.204;94.648
78.245;94.666
78.256;94.67
78.274;94.678
78.277;94.679
78.312;94.694
78.321;94.698
78.335;94.704
78.355;94.712
78.461;94.756
78.468;94.759
78.493;94.769
78.516;94.779
78.527;94.784
78.533;94.786
78.553;94.795
78.563;94.799
78.588;94.809
78.604;94.816
78.606;94.817
78.673;94.845
78.695;94.854
78.714;94.862
78.741;94.873
78.747;94.875
78.752;94.877
78.814;94.903
78.83;94.91
78.834;94.912
78.852;94.919
78.874;94.928
78.941;94.956
78.945;94.957
78.948;94.958
78.963;94.965
78.968;94.967
79.053;95.002
79.056;95.003
79.076;95.011
79.087;95.016
79.145;95.039
79.166;95.048
79.169;95.049
79.265;95.088
79.274;95.092
79.277;95.093
79.299;95.102
79.306;95.105
79.329;95.114
79.333;95.116
79.345;95.121
79.387;95.138
79.398;95.142
79.418;95.15
79.432;95.156
79.444;95.161
79.479;95.175
79.482;95.176
79.501;95.184
79.521;95.192
79.529;95.195
79.582;95.216
79.588;95.219
79.598;95.223
79.619;95.231
79.631;95.236
79.653;95.245
79.788;95.299
79.803;95.305
79.816;95.31
79.823;95.313
79.862;95.328
79.924;95.353
79.931;95.356
79.969;95.371
79.98;95.375
79.99;95.379
80.005;95.385
80.103;95.424
80.11;95.427
80.135;95.437
80.161;95.447
80.165;95.449
80.171;95.451
80.279;95.493
80.321;95.51
80.323;95.511
80.331;95.514
80.407;95.544
80.415;95.547
80.42;95.549
80.436;95.555
80.454;95.562
80.476;95.571
80.486;95.575
80.494;95.578
80.501;95.581
80.508;95.583
80.525;95.59
80.594;95.617
80.601;95.619
80.602;95.62
80.633;95.632
80.649;95.638
80.719;95.665
80.724;95.667
80.737;95.672
80.741;95.674
80.745;95.675
80.792;95.694
80.798;95.696
80.844;95.714
80.851;95.716
80.856;95.718
80.869;95.723
80.871;95.724
80.889;95.731
80.905;95.737
80.967;95.761
80.968;95.761
80.983;95.767
81.003;95.775
81.007;95.776
81.031;95.785
81.084;95.805
81.092;95.808
81.129;95.823
81.134;95.824
81.153;95.832
81.19;95.846
81.194;95.847
81.21;95.853
81.231;95.861
81.239;95.864
81.257;95.871
81.263;95.873
81.308;95.89
81.346;95.905
81.355;95.908
81.357;95.909
81.364;95.911
81.374;95.915
81.391;95.922
81.437;95.939
81.44;95.94
81.445;95.941
81.461;95.948
81.48;95.955
81.486;95.957
81.536;95.975
81.538;95.976
81.584;95.993
81.589;95.995
81.592;95.996
81.596;95.998
81.636;96.012
81.641;96.014
81.733;96.048
81.736;96.049
81.746;96.053
81.752;96.055
81.811;96.076
81.834;96.085
81.862;96.095
81.874;96.099
81.888;96.105
81.91;96.113
81.92;96.116
81.944;96.125
81.952;96.128
81.955;96.129
82.035;96.157
82.039;96.159
82.044;96.161
82.06;96.166
82.068;96.169
82.086;96.176
82.091;96.178
82.107;96.183
82.131;96.192
82.148;96.198
82.161;96.203
82.169;96.205
82.191;96.213
82.225;96.225
82.263;96.239
82.268;96.241
82.339;96.266
82.35;96.27
82.363;96.274
82.368;96.276
82.375;96.278
82.406;96.289
82.438;96.301
82.448;96.304
82.478;96.314
82.566;96.345
82.575;96.348
82.608;96.36
82.611;96.361
82.633;96.368
82.673;96.383
82.68;96.385
82.717;96.398
82.74;96.405
82.742;96.406
82.771;96.416
82.778;96.419
82.798;96.426
82.806;96.428
82.809;96.429
82.82;96.433
82.855;96.445
82.883;96.454
82.89;96.457
82.896;96.459
82.934;96.472
82.945;96.475
82.961;96.481
82.975;96.486
83.002;96.495
83.024;96.502
83.039;96.507
83.06;96.514
83.109;96.531
83.117;96.533
83.121;96.535
83.163;96.549
83.171;96.552
83.187;96.557
83.2;96.561
83.212;96.565
83.234;96.573
83.273;96.586
83.283;96.589
83.3;96.595
83.316;96.6
83.344;96.61
83.363;96.616
83.376;96.62
83.413;96.632
83.419;96.634
83.428;96.637
83.464;96.649
83.466;96.65
83.476;96.653
83.545;96.676
83.566;96.683
83.57;96.684
83.584;96.689
83.626;96.703
83.646;96.709
83.661;96.714
83.669;96.717
83.673;96.718
83.69;96.724
83.71;96.73
83.725;96.735
83.739;96.74
83.747;96.742
83.754;96.744
83.778;96.752
83.797;96.758
83.8;96.759
83.803;96.76
83.808;96.762
83.814;96.764
83.828;96.768
83.835;96.77
83.85;96.775
83.861;96.779
83.863;96.779
83.869;96.781
83.875;96.783
83.883;96.786
83.917;96.797
83.927;96.8
83.943;96.805
83.958;96.809
83.99;96.819
84.003;96.823
84.017;96.828
84.032;96.833
84.038;96.834
84.04;96.835
84.06;96.841
84.064;96.843
84.097;96.853
84.115;96.858
84.118;96.859
84.13;96.863
84.139;96.866
84.165;96.874
84.176;96.877
84.185;96.88
84.219;96.89
84.237;96.896
84.241;96.897
84.259;96.903
84.303;96.916
84.315;96.92
84.335;96.926
84.356;96.932
84.398;96.945
84.694;97.034
84.703;97.036
84.706;97.037
84.717;97.04
84.736;97.046
84.74;97.047
84.799;97.065
84.811;97.069
84.84;97.077
84.843;97.078
84.882;97.09
84.97;97.116
84.978;97.118
84.981;97.119
84.985;97.12
84.993;97.123
85.053;97.14
85.106;97.156
85.116;97.159
85.122;97.161
85.128;97.163
85.145;97.168
85.271;97.205
85.306;97.215
85.315;97.218
85.34;97.225
85.409;97.246
85.431;97.252
85.458;97.26
85.513;97.276
85.521;97.279
85.606;97.304
85.612;97.306
85.62;97.308
85.692;97.329
85.702;97.332
85.711;97.334
85.714;97.335
85.729;97.34
85.853;97.376
85.856;97.376
85.891;97.387
85.917;97.394
85.942;97.402
86.058;97.435
86.079;97.441
86.098;97.447
86.117;97.452
86.143;97.46
86.185;97.472
86.195;97.475
86.215;97.481
86.353;97.52
86.381;97.528
86.415;97.538
86.46;97.551
86.497;97.562
86.502;97.563
86.525;97.57
86.555;97.578
86.604;97.592
86.608;97.594
86.634;97.601
86.644;97.604
86.648;97.605
86.718;97.625
86.726;97.627
86.755;97.635
86.758;97.636
86.762;97.637
86.765;97.638
86.774;97.641
86.859;97.665
86.864;97.666
86.892;97.674
86.975;97.698
86.984;97.7
86.997;97.704
87.02;97.711
87.031;97.713
87.059;97.721
87.062;97.722
87.075;97.726
87.079;97.727
87.198;97.76
87.215;97.765
87.22;97.767
87.236;97.771
87.275;97.782
87.281;97.784
87.3;97.789
87.313;97.793
87.321;97.795
87.334;97.798
87.343;97.801
87.353;97.804
87.368;97.808
87.378;97.811
87.391;97.814
87.4;97.817
87.424;97.824
87.457;97.833
87.517;97.849
87.546;97.857
87.567;97.863
87.586;97.869
87.611;97.876
87.631;97.881
87.636;97.882
87.673;97.893
87.683;97.895
87.74;97.911
87.743;97.912
87.774;97.921
87.842;97.939
87.865;97.946
87.901;97.955
87.905;97.956
87.909;97.958
87.943;97.967
87.973;97.975
87.993;97.981
88.076;98.003
88.089;98.007
88.124;98.016
88.134;98.019
88.149;98.023
88.204;98.038
88.228;98.044
88.253;98.051
88.33;98.072
88.337;98.074
88.378;98.085
88.384;98.087
88.395;98.09
88.43;98.099
88.433;98.1
88.442;98.103
88.477;98.112
88.502;98.119
88.525;98.125
88.533;98.127
88.554;98.132
88.567;98.136
88.631;98.153
88.668;98.163
88.68;98.166
88.7;98.172
88.718;98.177
88.725;98.178
88.786;98.195
88.819;98.203
88.893;98.223
88.947;98.237
88.964;98.242
88.979;98.246
88.984;98.247
89.063;98.268
89.082;98.273
89.091;98.275
89.105;98.279
89.119;98.283
89.146;98.29
89.149;98.291
89.172;98.297
89.249;98.317
89.306;98.332
89.339;98.341
89.378;98.351
89.384;98.352
89.391;98.354
89.417;98.361
89.475;98.376
89.482;98.378
89.49;98.38
89.542;98.393
89.547;98.395
89.568;98.4
89.613;98.412
89.628;98.416
89.74;98.444
89.758;98.449
89.764;98.45
89.766;98.451
89.781;98.455
89.822;98.465
89.83;98.467
89.836;98.469
89.862;98.475
89.871;98.478
89.897;98.484
89.899;98.485
89.909;98.487
89.941;98.496
89.954;98.499
89.957;98.5
89.974;98.504
90.048;98.523
90.06;98.526
90.072;98.529
90.075;98.53
90.133;98.544
90.157;98.55
90.206;98.562
90.245;98.572
90.247;98.573
90.253;98.574
90.297;98.585
90.304;98.587
90.309;98.588
90.332;98.594
90.343;98.597
90.368;98.603
90.384;98.607
90.391;98.608
90.423;98.616
90.462;98.626
90.466;98.627
90.485;98.632
90.493;98.634
90.501;98.636
90.533;98.643
90.554;98.649
90.563;98.651
90.571;98.653
90.597;98.659
90.642;98.67
90.655;98.673
90.663;98.675
90.667;98.676
90.709;98.687
90.728;98.691
90.735;98.693
90.754;98.698
90.79;98.706
90.806;98.71
90.869;98.725
90.897;98.732
90.905;98.734
90.92;98.737
90.945;98.744
90.953;98.745
90.957;98.746
90.967;98.749
90.971;98.75
90.98;98.752
90.994;98.755
91.042;98.767
91.053;98.769
91.077;98.775
91.101;98.78
91.12;98.785
91.128;98.787
91.155;98.793
91.163;98.795
91.17;98.797
91.177;98.799
91.186;98.8
91.215;98.807
91.231;98.811
91.272;98.821
91.294;98.826
91.3;98.827
91.328;98.833
91.376;98.844
91.399;98.85
91.412;98.853
91.465;98.865
91.48;98.868
91.547;98.883
91.55;98.884
91.552;98.885
91.558;98.886
91.569;98.888
91.574;98.89
91.581;98.891
91.607;98.897
91.634;98.903
91.672;98.912
91.715;98.921
91.776;98.935
91.791;98.938
91.798;98.94
91.801;98.941
91.815;98.944
91.834;98.948
91.899;98.962
91.904;98.963
91.954;98.974
91.962;98.976
91.996;98.984
92.013;98.988
92.022;98.989
92.026;98.99
92.034;98.992
92.043;98.994
92.047;98.995
92.057;98.997
92.06;98.998
92.066;98.999
92.086;99.003
92.117;99.01
92.132;99.013
92.141;99.015
92.149;99.017
92.157;99.019
92.162;99.02
92.164;99.02
92.18;99.024
92.198;99.028
92.244;99.038
92.257;99.04
92.278;99.045
92.306;99.051
92.32;99.054
92.41;99.073
92.415;99.074
92.465;99.085
92.488;99.089
92.508;99.094
92.522;99.097
92.53;99.098
92.567;99.106
92.572;99.107
92.579;99.108
92.585;99.11
92.622;99.117
92.662;99.126
92.668;99.127
92.685;99.13
92.707;99.135
92.72;99.138
92.755;99.145
92.782;99.15
92.789;99.152
92.794;99.153
92.799;99.154
92.82;99.158
92.825;99.159
92.84;99.162
92.845;99.163
92.858;99.166
92.885;99.171
92.923;99.178
92.928;99.18
92.941;99.182
92.967;99.187
92.972;99.188
92.986;99.191
92.998;99.193
93.051;99.203
93.065;99.206
93.118;99.216
93.159;99.224
93.165;99.225
93.173;99.227
93.184;99.229
93.187;99.229
93.23;99.237
93.239;99.239
93.259;99.243
93.266;99.244
93.281;99.247
93.286;99.248
93.321;99.254
93.399;99.269
93.455;99.279
93.46;99.28
93.472;99.282
93.478;99.283
93.486;99.285
93.496;99.286
93.501;99.287
93.526;99.292
93.535;99.293
93.542;99.295
93.577;99.301
93.592;99.303
93.603;99.305
93.61;99.307
93.68;99.319
93.684;99.319
93.713;99.324
93.733;99.328
93.747;99.33
93.805;99.34
93.807;99.34
93.819;99.342
93.826;99.344
93.837;99.345
93.849;99.347
93.86;99.349
93.878;99.352
93.886;99.354
93.907;99.357
93.917;99.359
93.977;99.369
93.989;99.371
94.029;99.377
94.053;99.381
94.059;99.382
94.067;99.383
94.076;99.385
94.087;99.386
94.092;99.387
94.099;99.388
94.119;99.391
94.125;99.392
94.143;99.395
94.154;99.397
94.171;99.399
94.18;99.401
94.218;99.406
94.236;99.409
94.286;99.417
94.332;99.424
94.367;99.429
94.392;99.433
94.48;99.446
94.499;99.448
94.554;99.457
94.565;99.458
94.572;99.459
94.668;99.474
94.714;99.48
94.753;99.486
94.764;99.488
94.768;99.488
94.827;99.497
94.841;99.499
94.85;99.5
94.869;99.503
94.883;99.505
94.892;99.507
94.913;99.51
94.931;99.512
94.961;99.516
94.993;99.521
95.014;99.524
95.061;99.531
95.081;99.534
95.114;99.539
95.12;99.54
95.146;99.543
95.196;99.55
95.218;99.554
95.23;99.555
95.284;99.563
95.304;99.566
95.349;99.572
95.363;99.574
95.393;99.579
95.443;99.586
95.451;99.587
95.469;99.589
95.491;99.592
95.495;99.593
95.541;99.599
95.548;99.6
95.584;99.606
95.633;99.612
95.647;99.614
95.688;99.62
95.696;99.621
95.71;99.623
95.718;99.624
95.763;99.63
95.829;99.639
95.868;99.645
95.879;99.646
95.882;99.647
95.889;99.648
95.916;99.651
95.949;99.656
95.984;99.661
96.019;99.665
96.047;99.669
96.097;99.676
96.189;99.688
96.211;99.691
96.238;99.695
96.251;99.697
96.346;99.709
96.382;99.714
96.401;99.716
96.42;99.719
96.436;99.721
96.487;99.727
96.489;99.728
96.494;99.728
96.516;99.731
96.539;99.734
96.545;99.735
96.55;99.736
96.566;99.737
96.587;99.74
96.626;99.745
96.662;99.749
96.675;99.751
96.697;99.754
96.781;99.764
96.797;99.766
96.828;99.769
96.835;99.77
96.877;99.775
96.895;99.778
96.913;99.78
96.924;99.781
96.976;99.787
97.017;99.792
97.02;99.792
97.052;99.796
97.064;99.797
97.103;99.802
97.114;99.803
97.161;99.809
97.172;99.81
97.188;99.812
97.208;99.814
97.216;99.815
97.232;99.817
97.263;99.82
97.28;99.822
97.311;99.826
97.322;99.827
97.335;99.828
97.382;99.833
97.398;99.835
97.414;99.837
97.481;99.844
97.527;99.849
97.538;99.85
97.546;99.851
97.643;99.861
97.665;99.863
97.674;99.864
97.686;99.865
97.705;99.867
97.725;99.869
97.75;99.871
97.776;99.874
97.805;99.876
97.821;99.878
97.827;99.878
97.849;99.881
97.874;99.883
97.898;99.885
97.919;99.887
98.007;99.894
98.025;99.896
98.048;99.898
98.092;99.901
98.115;99.903
98.199;99.909
98.238;99.912
98.269;99.914
98.322;99.918
98.335;99.919
98.378;99.922
98.421;99.924
98.459;99.927
98.478;99.928
98.493;99.929
98.603;99.936
98.674;99.941
98.763;99.946
98.799;99.948
98.862;99.952
98.874;99.953
98.898;99.954
98.924;99.956
99.099;99.965
99.129;99.966
99.334;99.976
99.404;99.979
99.444;99.981
99.496;99.984
99.73;99.992
99.878;99.997
99.926;99.998
100;100
